marker	segment_id	approval_decision	qc_result	asr_similarity	wer	text	audio_path	notes
Marker 14	marker-14-lighting-c01	needs_manual_edit	warn	0.8511	0.4000	The, uh... the dynamic lighting.	/Users/developer-cloudprimero/ai-audio-lab/outputs/qwen3-reftext-full-v2/marker-14-lighting-c01/take-01-clean.wav	qc_warn: similarity=0.8511 wer=0.4000
Marker 26	marker-26-the-boss-c01	needs_manual_edit	warn	0.8780	0.5000	And, uh... here’s the boss.	/Users/developer-cloudprimero/ai-audio-lab/outputs/qwen3-reftext-full-v2/marker-26-the-boss-c01/take-01-clean.wav	qc_warn: similarity=0.8780 wer=0.5000
Marker 12	marker-12-testing-c01	needs_manual_edit	warn	0.8921	0.4000	I’ve, uh... I’ve cleared this place like five times already with this character.	/Users/developer-cloudprimero/ai-audio-lab/outputs/qwen3-reftext-full-v2/marker-12-testing-c01/take-01-clean.wav	qc_warn: similarity=0.8921 wer=0.4000
Marker 16	marker-16-elites-c02	needs_manual_edit	warn	0.8960	0.2500	They have, uh... they have better gear drops and more aggressive movement.	/Users/developer-cloudprimero/ai-audio-lab/outputs/qwen3-reftext-full-v2/marker-16-elites-c02/take-01-clean.wav	qc_warn: similarity=0.8960 wer=0.2500
Marker 22	marker-22-inventory-stats-c03	needs_manual_edit	warn	0.8992	0.2000	On the right is where you, um... where you apply points to Agility or Power.	/Users/developer-cloudprimero/ai-audio-lab/outputs/qwen3-reftext-full-v2/marker-22-inventory-stats-c03/take-01-clean.wav	qc_warn: similarity=0.8992 wer=0.2000
Marker 6	marker-6-vfx-c01	needs_manual_edit	warn	0.9150	0.2353	I, uh, I added these trailing dash lines here. I think they, um... they look okay, actually.	/Users/developer-cloudprimero/ai-audio-lab/outputs/qwen3-reftext-full-v2/marker-6-vfx-c01/take-01-clean.wav	qc_warn: similarity=0.9150 wer=0.2353
Marker 21	marker-21-hallways-c02	needs_manual_edit	warn	0.9176	0.4000	I’m thinking about a, um... a sneaking system, too.	/Users/developer-cloudprimero/ai-audio-lab/outputs/qwen3-reftext-full-v2/marker-21-hallways-c02/take-01-clean.wav	qc_warn: similarity=0.9176 wer=0.4000
Marker 18	marker-18-stats-armor-c02	needs_manual_edit	warn	0.9192	0.2857	I have this Vitality stat for the, uh, for the HP regen, but it’s... honestly, it's completely broken right now.	/Users/developer-cloudprimero/ai-audio-lab/outputs/qwen3-reftext-full-v2/marker-18-stats-armor-c02/take-01-clean.wav	qc_warn: similarity=0.9192 wer=0.2857
Marker 4	marker-4-intro-c04	needs_retry	fail	0.7541	0.6250	We'll see if that, uh... if that sticks.	/Users/developer-cloudprimero/ai-audio-lab/outputs/qwen3-reftext-full-v2/marker-4-intro-c04/take-01-clean.wav	qc_fail: similarity=0.7541 wer=0.6250
